text,label
"I think about killing myself before they fine me. I'm forced to go to school or work. I can't handle it anymore. I can't handle society. I can't stand other people. I just want to be alone for the rest of my life. I don't want to go to the living hell work/school culture is. It's a few months from now. I've been a shut-in now on/off for about 3 years, everytime I had been sent to school and finally found motivation, I dropped out a few months later because I don't show up. I've had enough.",depression
"I'm a 17-year-old girl, nothing special really. I can't remember exactly when it started. Sometime in 2018, my depression has been, at least what I *think* is depression, on and off and getting worse as of recent. Maybe it's seasonal, I don't really know. I always have this constant feeling of heaviness inside, like a grey cloud that won't go away. My moods go from moderate to empty to extremely sad, and just as often as my feeling the thoughts and wanting to end my life come with them. I've lost motivation to do anything, nothing interests me anymore, I sleep way too much every day, and I always feel tired no matter how much sleep I get. It's also affected my moods greatly, I get irritated at the smallest things and it's caused some problems with my relationship with my parents and siblings...

I haven't told my parents *exactly* how I feel, just that I feel depressed, and I regret ever telling them. You see, my parents grew up in poor single mom households so they had to really toughen up to get by, especially my dad. I'm pretty sure he's bipolar, and I try and avoid him as much as I can. He always tells me to just be happy and to smile and that life isn't worth being sad over, but he says it in a very toxic manner. Toxic positivity you could say. When I came out to both my parents that I was depressed back in 2019, they brushed it off. I told them again months later, but then my dad decided to make fun of me and mock me for feeling depressed and that I needed to stop ""feeling sorry for myself"". He then continued to scare me into not getting any help because antidepressants would ""fuck me up big time"" and that I would end up like my cousin (who is on antidepressants and hasn't reacted well to them). More recently, I came out to my parents *again*, hoping that they would finally understand. I confronted my dad about his actions towards me and he apologized...up until a few days later he barged into my room screaming how he felt ""abused"" (due to me forgetting to take out the garbage that day), and started mocking me about my depression and how I was lazy as hell. His apology never meant anything. If you're wondering about my mom, she's been more ""understanding"" but hasn't done anything to help me until recently when it came down to me crying and begging her to get me diagnosed and get therapy. Even though she's more ""understanding"", she guilt-tripped me about how the way I've been feeling and how it affected the relationship between me and my family. I know the way I've been acting isn't the best, and I'm truly sorry for that, but it's not something I can control. By the way, she likes to guilt trip me, a *lot*.

Hopefully, I can get the help I need soon since we switched to a new insurance. I know that my mom will forget about it and I'll have to remind her constantly. Now that you have the context of what my parents are like, my main question is how do I deal with them and make them understand that I'm actually struggling a lot and I need their support? I'm afraid that even after, if, I get diagnosed/get therapy, my dad will still mock and make fun of me and my mom won't show me that she supports me. I'm so lost on this, so any advice is greatly appreciated.",depression
"I'm ending my 2020 as a loser. Haven't achieved anything this year and nothing good happened as well. No friends, no grades, no money. Spending the last day of 2020 in my home alone, typing this. Still hopeful things will get better next year, as I do year after year. Not gonna lie but I'm beginning to lose faith.

Anyone else with me?",depression
Didn't think I was gonna make it to the end of this one. Keep fighting folk.,depression
"and i can't change anything about it lol. it just hurts. i'm only 16 and the more i think about the future, the more depressed i get. people always ask about college or plans i have, and i never know what the fuck to say. i don't have anything planned out and i don't see the point of working for the majority of my life and then retiring. the world really is a terrible place, i miss being little and happy and not aware of how things really were.",depression
"Started lexapro a few weeks ago. And I went away to house and pet sit for a friend. For two weeks. I was so happy. No work, no commitments. Just walks, some socialising, and running with the dogs. 

I’m home again and the unbearable void is back. I can’t get out of bed. My mind is overwhelmed by thoughts of suicide. I was really excited to be feeling better but now it’s all gone downhill. 

I realise the first weeks on anti depressants can be rough. I’m just so sick of always having to “hang in there”",depression
"Like Three Days Grace, Linkin Park, ect. I used to listen to this type of music when I was a teenager just for the edgey sound. The words never really resonated with me. But now that I’ve gained the 90 pounds I worked so hard to lose back, shut myself in my house for 3 years, and found out my old best friend had been sexting my 60 year old mom/made her suck his dick, I can internally scream with these guys. They’ve been through drug addiction, horrible break ups, their entire life’s being destroyed. They know what depression feels like. The way they rage about it is the same way I do in my head. I don’t feel guilty for complaining when there’s other people who feel the same way. I don’t know if listening to this music all the time will make you more depressed, but for the moment it really does get things off my chest",depression
"I haven't slept for the past 2 days. And if I did, it was 4 PM- 7PM. I have no motivation. Today I took a shower after 8 days of laying in bed doing nothing. Gross, right? I can't handle it. I have missing assignments and I feel I'm all over the place. I feel unloved, stupid, unwanted. I have no friends or social interaction in the real world.

And to this point, I want to be gone. Though, I am not suicidal, I will never be. Just, if I could easily snap my fingers and be nonexistent, I would. Everyone expects so much from me. More than I can handle. They think I'm like other people. I can't function anymore. I'm the ugliest person on this planet. And the sad part is, I find that I'm ugly inside and out. 

I try, I do. But my friends wind up leaving me. I don't know how to talk properly with out getting in a mood, and I can see that. I know it. But I can not control it. I'm a snob to my parents, they're disappointed in me. I never clean my room or do chores for that matter. I try my hardest with my grades. 4 B's and 2 A's.

I'm doing bad at life, my younger self would be disappointed. I haven't told anyone about this, because If I did, I'm scared of what they might think of me. I'm scared I'll never make it out of this. I don't know why I feel this way, but I feel nobody actually cares about what I feel. 

Many would say I'm just not getting the attention I want, but its quite the opposite. I need the attention others get. 

I'm sorry if this is too much of a rant, I just really want to get my feelings out there, hoping somebody actually cares.",depression
"I know, I should probably seek counseling, and I fully intend to, but I am trying to self diagnose first. I also know a Google search will yield some answers, but I felt like letting this air out. It's a very, very lonely place to feel depressed when you're trying to maintain a facade together for everyone around you, and have been for decades.

At the most banal and superficial sense, I appear happy and successful. Good career, reasonably wealthy and debt free with an open path to semi-early retirement, with a wife and young child in a home in a nice neighborhood and a part time nanny to help. It could be PPD I suppose, but I haven't felt particularly ""happy"" for a long time, maybe ever. I just feel no love and affection for either of them - I think I used to feel what I could describe as love for my wife but I've just lost the joy completely in being with her, but I haven't outwardly shown that change. I have little to no emotion with my child, but because I generally have been able to do an incredible job masking my emotions, I play with my child all the time and cheerfully (outwardly) try to help out as much with the child-rearing as I can, while stifling any signs of apathy that I can. I feel nothing when I am with my child. No joy, yet no resentment either - it's just a job that I am trying my hardest to do well in.

I have loving extended family members that care for me and - again outwardly - I care for them. I drive them around (used to, of course - thanks COVID), run errands for them, buy them groceries in the midst of the pandemic etc. I think I would feel sadness for their sake if they passed away for sure, but I wouldn't feel that devastated if I never saw them again either. This honestly goes for my immediate family either - I would be very saddened for them if they were hurt or killed, but I don't know if I will really feel sad myself or miss them. Life will just go on.

Often times I do want to end myself, not because I'm particularly suffering, but because I just feel so little reward for what I am doing. So much of my life is just going through the motions of what I am supposed to do - work hard in school, get a good job, date a good girl, marry her and be a good husband, father a child and be a good parent. I experienced some feelings of happiness in the moment of all of these events, but little lasting joy. Of course, because it's an action I have to take meticulous planning to do, suicide is unlikely I ever go through with it. So much of my life was done and planned on focusing upon things I'm supposed to do, I have no idea how to really do something that I'm not supposed to, and that includes planning a suicide.

I have no real violent or malevolent tendencies and certainly derive no pleasure - mostly revulsion - to hurting other people. So, I am not really a danger to anyone but myself. I do not use drugs and rarely drink alcohol, and have never cheated on my wife. 

I have some interests and hobbies, but nothing I would call a passion. They distract the mind and keep me entertained, but I rarely am too excited about doing them. The only thing I have ever felt really excited and hopeful for was traveling to a new place and immersing myself in a completely different environment, if only for a few days.

No one in my entire life knows this side of me. Even as I type and feel this, I face a mirror and am able to fake the most sincere looking smile and satisfaction. 

I honestly do not know what next step to take. I think the feeling of numbness became particularly apparent that I have fewer distractions and just basically face my family all the time this year because of COVID - the need to fake it so often and all the time is wearing me down. If I had to choose a path for myself, I would probably elect to stay with my family and be the diligent husband, father and employee and live out the rest of my years. I would feel my existence though only serves its purpose for other people - and I mean no disrespect to actually charitable volunteers. 

I don't know what I have or what I am. I will make an appointment early in the new year to find out, but I just wanted to type this out and see what kind of response I get. Perhaps there is someone else like me who feels this way?  Perhaps someone else has known someone that experiences depression (which I think this is) this way? As in, not an active sadness, but a real disconnect and deep underlying apathy for life. 

Also, as if it wasn't obvious, this is a throwaway account, because like in real life, even on Reddit I maintain a sort of false persona where some friends know of my actual username. That account subscribes to a few subreddits discussing hobbies and interests of mine and I post frequently, but I consider them distractions more than actual passions.

Thanks for making it this far.",depression
"I'd like to start this off by saying that I have some great friends which have been as supportive as they can. Having said that, I've been struggling with depression for as long as I can remember. This manifests itself in a cycle consisted of periods of productivity followed by periods of crippling depression, where much of the progress previously made is unraveled. Every time I find myself in the midst of a depressive episode I reach out to friends/therapists or develop new coping mechanisms to drag myself back to a semblance of normalcy. Within the last two years, however, I've found myself in a new country with many of my previous coping mechanisms now dismantled. The duration of my 'up' periods is gradually getting shorter and the effort to get out of my 'down' period is getting larger. As it gets more difficult to pick myself back up again, I've noticed my friends getting more and more distant. Finally, it's become too difficult for my friends to try to force me out of my depressive hole as I just fall right back in again. I feel like everyone is giving up on me and the darkness is closing in. I'm tired of trying over and over again only to find myself in the same place again, only with a darker back light. I will never be ok.",depression
"My issues with mental health can usually be traced to a female. I do not know why my happiness/self worth has to be derived from others. I’m an only child, have a successful career, do dope stuff all across the US and the world (pre-covid) yet I can rarely ever be happy when I’m alone. Which is truly sad because I am alone a lot. 

I doubt many will read this. And those who do will likely not care. But I found myself in a familiar situation over the holidays. 

I have had a thing with this girl for a very long time. We get along great together. We seem to get one another. We laugh. We dance. We express our true selves to one another, blemishes and all. I have honestly ended other relationships with great women because they don’t do it like this one girl can. They don’t scratch that part of my brain I cannot itch. Alas, there is a problem. She is the sister of my best friend. 

We have been intermittently romantic/sexual numerous of times. And as the days fade away, she always just says she wants to remain friends. That the complexity of the situation scares her. To which I am understanding. I don’t want to jeopardize what I have with her brother. He is truly my best friend. So the situation is less than ideal. 

Routinely I just go on with my life, find another mountain to claim or girl to relieve my sorrows. But I think this time is different. Over Xmas we hooked up, again. We were both wildly intoxicated. In the moment it felt right, perfect. She had just told me a week prior she wanted to be friends. Come the morning after it was awkward. She was cold, distant. Then a day later she made it known again that Xmas was a mistake. That she wanted to remain only friends. I was/am devastated. 

This brings me back to how this time I think it’s different. I feel more sad than usual about the situation. I feel broken. I’m so sad. I’m ready to just give up on a relationship and remain content with only myself. I think she may be the one for me but if we cannot be together all others will not suffice. 

I am trying to look at the positives. She’s great and we can remain close, but maybe not as a couple. But I long for that. Though I do realize I could be just romanticizing the possibilities. She knows how I feel but my fear of driving her further away prevents me with speaking my whole truth. 

Anyway, thanks for listening. I hope things improve for me. And if you’re visiting this sub, I hope things improve for you too. Bye.",depression
"So I'm a dude and I'm 21 , this year has been horrible but not cause of the pandemic. It's because for the first time in 5 years I met someone. I don't have much friends or family who care. For the first time in a very long time I was taking to someone who lived literally 30 seconds away from me. I finally felt good about myself and starting feeling so much better, like I was wanted by someone finally. As soon as it started , it ended. She came over a few weeks before thanksgiving and kissed me before leaving and never spoke to me again. I've been in a ditch and felt worthless, all of a sudden , someone said they cared and that they liked me after it happened and I trusted them and they left too. I don't know what to do anymore. I've been the odd one out my entire life and all I want is too be accepted and loved by somebody for once. I just don't know what to do anymore.",depression
"This is a vent, so it' OK if no one replies or even reads it but I do need it for the sake of staying relatively sane.

There was a series of events that had caused a stroke and PTSD in me. Nevermind what happened, it's enough to say it's definitely not a fond memory.

So we have New Year's Eve after a year of getting myself together again, I can even say that I'm quite happy thanks to a soulmate (you know who you are if you're reading this :). And then ""boom!"" - a person not directly responsible for subject trauma then but guilty of neglect (didn't do anything to help while fully aware what was happening) suddenly calls me up to wish me a fuckin happy new fuckin year and ask to meet and talk of ""good old times"".

Fuck it, I metaphorically killed the person that I was at the time (attempted it physically but now glad that it didn't work), why the fuck resurrect her?! They are not fuckin good old times, I got rid of any reminders of that time and changed my life completely. That person is fuckin dead and I want her to stay that way. I will not let them ruin my effort to get well just bec they suddenly felt nostalgic. I can talk about it, but not with someone who is responsible for those events!

[end of vent - feeling relieved, thank you]",depression
"All of my hobbies are rendered to just pass times to keep me busy. I keep spending money on things I don't need because I think it will help and it never does. I can't even say that I'm genuinely happy during the scant moments I spend time with friends. Everything feels stagnant and neutral if not outright miserable. It might not be a ground-breaking realization to come to when in the throes of depression, but I miss those moments of unabashed joy. In any context, I miss being happy. I really do.",depression
"This has been a terrible year for all of us. The worst for me too as I had 2 suicide attempts. Have spent last 2 years of my life terribly. Depression, Anxiety, Self-harm, Overthinking which also resulted into failing in my last semester in April. But I completed my undergraduate 2 months ago giving the remedial exam. And now for past 1-1.5 months, I have been more productive than ever, being able to focus on my fitness, finally realised who my best friends are after spending my last 4-5 years as a loner, no panic attacks for past 2.5 months. My medicines are about to get over as I am about to have my last counselling session in few days. I still fear one thing that this phase of my life won't return again. But I will be able to tackle it if it returns. Thanks to this and other related subreddit whenever i seeked help using my multiple throwaway accounts. I hope you guys overcome it too. Virtual hugs to everyone struggling and who needs it.",depression
Wife house kids business money respect of people.i screwed up and lost it all. The only thing I can do now is work minimum wage and know people are secretly happy I failed. I don’t see how anybody could sink so low and work awful jobs knowing they once had everything and it’s their own fault. Without the money there’s no more woman. Why wouldn’t I kill myself? I’m I really supposed to live another 30 years living a ruined life waking up everyday thinking about how I ruined it.,depression
I think about killing myself everyday because my ex doesn’t love me and it’s been over a year a half. I spend every night with him and it’s hurting me every night. We cuddle and give each other little kisses on the cheeks and stuff but I know he doesn’t want to do stuff anytime he asks me to go my house I think about kms and I know it’s wrong I don’t tell him anything thought because I don’t want to burden him and it’s not his fault. I feel like quitting my job everyday and just ending it because what’s the point.... I don’t know how I got to this point I don’t know what to do I don’t have insurance so idk if I can go see a therapist I don’t have a relationship with my dad and with my mom it’s on the edge I want my ex to love me and get back together with me so bad I feel like one day I’m just gonna give up and do it but I don’t have the guts to do I have to just wait until the day I finally get the courage or love with this for the rest of my life.,depression
"I’m going to end my life once my parents are gone. My dad only has a few years left, and my mom probably about 7. So I have time to slowly end all my relationships. Then just walk off into the wild and die. I’ve thought about it for a few years but now I’m sure. And I’m happy with this decision, so at least I can enjoy a few years of my life.",depression
"I still think about him every day. How he went, how he hung himself from the basement ceiling. How he must of suffocated slowly and painfully. I wonder if he struggled, if he tried to undo the rope but couldn't. I didn't see his body till it was prepared and in the casket, my moms the one who found him. I keep imagining myself, hanging. I think I wouldn't make a very pretty corpse. I think if I hung myself I would do it so it snapped my neck rather than suffocate but I dont have the guts to make the drop in the first place. Maybe I will someday, if I do then I'll make sure my mom doesn't find my body like she did for my brother. I think about him alot, even though we grew distant. He had so many people that loved him and supported him. So many people came to see him off. I wonder if someone like that can kill themselves, where does that leave me, when I have nothing and no one? I wish I could let go. I wish I wasn't scared.",depression
"I feel so hopeless and so alone and where there should be something there’s nothing. I want everything to stop but it never will and I will never be happy.

I’m so tired of trying for nothing.",depression
"Hey, how's it going? To me isn't that great...

To summarize: I lost my job and my grandfather died in the same week. I live in another country with my parents, so part of the money I got from work I sent it to my grandpa's funeral. The catch is that the family did almost nothing for him.

 His body stayed in the house alone for nearly 5 hours or so, they're too lazy to step up and find a doctor. They said the hospital was closed, but my brother there went to the other entrance and found a doctor; my family's too damn stupid to not look around the corner.

Only two uncles, a cousin and my brother were there to bury him because I don't know what in hell the rest of the family were doing. I know that a week later my grandma and aunts were all sharped dressed acting nothing happened at all, smiling and partying like it's sunday...

My anger was such that I assumed that they died for me. They can assume I was buried with my grandpa.  They used the cash I worked for (we're gonna talk about my job in a minute)  on themselves. It's been two weeks and I still don't know what's the name of the cementery he was buried.

I was a waiter, that also worked as cashier, that also worked as cleaner, that also worked as deliveryman and on top of that I was a translator between the boss and the kitchen. I was under a lot of stress and panic attacks were usual. The waiters know what's up. 

The thing is that I got fired in a week. I nearly made 80 dollars. I sent like 20 dollars for the funeral and I can swear that none of that money was used on him. The rest I used it to buy rum and help with the electricity bill. 

I feel like shit, especially because I risked a lot, risked my ass arriving at dangerous hours to get home, sleep and then go back to work and got some nice panic attacks for that job to be used for hair dye and nails. I consider myself someone positive but it's hard to see the good here.

I've never felt so loveless, so abandoned, lonely, desperate, needy and angry in my whole life. I can't even spend time doing stuff outside because has beem raining for two weeks straight and it seems it's gonna be like that for a long time. I can't go on my bike because of that, and the bike helped me so much

I just want to be truly loved... my mom and dad are aware of this monstrosity, my mom is on my side. My dad not so much, maybe he's not done processing this or something. My brother is far away, and I only have family friends that are like family, but still feels disconnected. 

I can't see how this is good, or how it can get better. And religion is a good joke to me, Jesus wouldn't even know what to do neither. I don't have that ability to feel loved just because someone told them to do so.

 I've been hurt for a while now that I've become a shell, a rock. Incapable of crying. Just expressing myself through words...

Sorry if this is way too much, but I'm tired of asking for help, because I don't even know how could I use some help",depression
"Hey everyone, needed a suggestion on the best online psychologist ? I (26M) really cant go on life like this and I need help. Screwed things up with my best friend (26F) who I considered a sister, became a toxic friend.   


Its been 1.5 years and still to this day it hurts and there is so much regret. I puke in the morning sometimes because of the pain. I cant eat and lost 50 pounds and now im anorexic. I drink for breakfast and its starting to take over my life.   


Please give me some good suggestions of where I can seek help? Thank you.",depression
"My first real and my only friend honestly doesn't care about me.  Every time I try to talk to her she literally interrupts me to talk about herself or one of the boys she likes.  That's, and I'm not kidding, about 90% of what we talk about.  Is just her ex, or one of the boys she's talking to, or just about her dating life in general.  I don't talk about myself too terribly often and every time I have, it's literal interruption mid sentence to change the subject.  I know I'm bad at talking, and I'm boring and can't form sentences great, but I thought we were friends?  It's hard for me to blame her but it hurts a lot.  

I got her a few things for Christmas.  I didn't spend much I'll admit, but it was some nice things I already had for gifts.  Quite a few things, because she's my best friend.  She didn't get me anything.  

My other friend, I'm not even sure if we're friends.  I consider them to be my second best friend after Jennifer, but I'm pretty sure I'm just kinda 'there' for them.  I have a huge crush on them, but they've kinda friend zoned me, if even that.  

 I feel so fucking alone.  No one actually enjoys my company, no one actually likes me, no one can stand to be around me.  I chase everyone away.  I'm the most unlikable person I've ever met.  I want someone to like me the way I like them, love me the same way I love them.  How do I find that?  I have so much love to give.",depression
"First off, I'm sorry if this page isn't the place for this. I've joined the site sort of just to ask this, and I don't know where to go. If there's another community I should go to, I'll post there.

I'll explain my situation. My mother and I are poor, and we always have been. I won't deny that a large part of this is due to the economy being in fucking shambles, but at least part of our poverty is due to my mom's various addictions. She's mostly sorted herself out now, but I spent much of my youth exposed to her drug habits. She still smokes both cigarettes and weed, and while I can sympathize, my frustration with the fact that this contributes to our financial situation is overwhelming.

Despite how poor we are, my mother absolutely insists on constantly moving and changing jobs. Over the course of my life, we have lived in over 20 different apartments, and made 4 moves that were more than 100 miles in length. Because of this, all of my friends are online. They've been a pillar for me in the lockdown, and helped keep me sane as my life rapidly went downhill.

In short, my mother has begun to use my name and identity in order to make more money for us, all while I've been neglected and parentified for upwards of 6 years. I've considered suicide multiple times. The situation I am in is severely unstable and staying here poses a very significant risk. I honestly can't put into words how awful it has been.

One of my online friends, who lives most of the way across the country, has offered to let me stay with her and her husband for a month and help me establish myself as an adult near where they live. I completely trust them, but I doubt my own ability to get things sorted out. Another one of my friends has offered to buy me a one-way plane ticket. 

I know I need to do a handful of things (get my driver's license, disconnect my bank account from my mother's, sort out my resume and try to secure a job), but I'm afraid I'm missing things. What can I do by the beginning of March to make my run away as safe as possible? How can I cut I make my own safety net when I cut my family off?",depression
"I honestly have no clue how to title this I’m mainly just typing this to vent cause I have no one to say this to, but I’m so fucking depressed I can’t sleep I feel nauseous every day and it’s a constant fight to not just break down and start crying during random times of the day. I hate feeling like I have no support in this world and I hate how I always feel like people don’t care for my feelings. I don’t want to be alive but know it wouldn’t be right for my mom to have to deal with that, so everyday I continue to live but I really can’t remember the last time I truly wanted to live for just myself. Thanks for coming to my TED talk.",depression
I just want a guy to love me. Hug me when I'm sad. Cuddle on the couch and in bed. Kiss and hold me a lot. Someone to talk to and will listen to my every word. Someone that makes me laugh and smile. Is this too much to ask? Seriously I'm getting old and I just want to find mr. right. Why am I so unlovable?,depression
"been a shit year overall, have had strong suicidal thoughts for over a year now. tonight is new year’s eve and i have no friends, siblings are out. i’m lonely. miss my dad so much i wanna be with him and have this empty nauseating feeling inside. i so desperately want to kill myself tonight but my family has lost so much people this year and my dad only passed a few weeks ago. i don’t want to burden them with this pain so how do i convince myself to not do so?",depression
"I'm 21, kinda lazy, kinda depressed. Had no friends though highschool. Tried a few things in school, was the worst person on two sports teams. Just nothing. My theripist asked me what I am good at like a year ago when I was seeing one and really.. Fucking nothing. I get I probably should like put in effort to something but I just feel lazy after making myself do things I'm suppost to do like school work and even thats just scraping by with passing grades or taking not many classes. I have a job and legit my life is so boring I am sad its winter break.",depression
"It takes so much effort just to produce a smile nowadays. I find no joy in anything anymore. I feel lost, empty, alone, unloved, unwanted, and blind.",depression
I honestly hate my life right now. I let my gambling addiction get the best of me and it completely ruined my life. I am so frustrated with the choices I have been making and I really feel like I’m letting the people around down. I’m a college student that is in thousands of dollars in debt with no job. I am afraid of graduating college with no job and it is taking a toll on my mental health. I definitely feel like I hit rock bottom this time.,depression
"My first boyfriend (in middle school) cheated on me, my next boyfriend decided he was gay, and my serious boyfriend and I broke up a month ago and he immediately texted the girl who he texted when we dated (in secret) and we were only on a break. We permanently broke up and he told me he never cried. During the relationship he also told me he got annoyed when I cried. Moving on, I took a chance and asked a guy for his number a week ago, he liked me, asked me on a date, we went on the date and he ghosted me after. Why am I so fucking worthless? It’s really starting to make me think I shouldn’t even be here if nobody appreciates it. What did I ever do wrong? Why won’t anyone love me?",depression
"I don’t believe I am actually depressed but just coming to a lot a realizations recently and I am hoping someone could help. As the covid shutdown reaches nearly 9 months and as the New Years begins, I find myself looking at a lot of old pictures and videos of friends and good times I had. I am in college now and pre covid I was having the time of my life. Many of my current friends are going to graduate college and although I will still have many other friends, my closest ones are the ones who are graduating. With covid ruining this school year indefinitely, the times of drinking, going out to bars or parties, and just being idiots with some of my closest friends is probably limited if not totally over. I just hate covid so much and there seems to be no end in sight. I miss all the amazing times with my buddies and I miss having fun. I hate sitting in my bedroom doing online classes and only leaving my house to get something to eat. I miss so much of what life once was and it sucks. I am just so sad that the times and the people I once enjoyed are probably moving on and even though we will all stay close, it will most likely never been like it once was pre covid. I definitely sound extremely soft being a guy and saying all this but it’s the truth. I just hate the world we live in right now and all though I truly live a good life, I hate many aspects of my life right now. I know this is long and I am just venting so thanks for readings.",depression
"I can’t tell if I’m being dramatic or not. I genuinely think it would just be more pain if I kept living.
I’m 17 male? and mostly everything in life just kind of sucks right now. I don’t have any friends or a social life I haven’t had one for a lot of years. No job no drivers license and I’m landlocked in a condo association next to a fast road so it’s hard to walk anywhere so I’m stuck to wherever my mom could drive me or my alcoholic grandpa drives me which probably isn’t the best idea because well....  cuz he’s a alcoholic which makes me sad remembering what he used to be. And while I’m out public I have very bad social anxiety I get freaked out when I don’t know what I’m doing or when someone talks to me it’s even worse if it’s a crowded store which is really all that’s open right now. Most of my days consist of waking up at 3pm-7pm then staying up all night just staring at my iPad and listening to the same “dead Kennedys” albums over and over again. As for my academic life I really don’t have one I do online school and cheating in every subject cause of lack of motivation laziness depression and I would fail any other way because I have the spelling abilities sixth grader I had to write this whole thing was speech to text. Depression has gotten so bad lately that I went on antidepressants in October and they haven’t done much but turned me into a zombie mindlessly zoning off along with a terrible side effect that I don’t want to mention but I’m sure you can imagine it’s bad for a teenage boy. And I’m top of all that I think I have some kind of gender dysphoria? All I know is I hate Everly masculine part of me including facial hair. also my grandma and dog died this year and we had to walk away from her house which had so many memories attached it and it being the house I decorated every year for Halloween so I had a sell all my Halloween stuff because I have nowhere else to decorate. I have no future plans and I’m not going to college either. Fuck this year and Fuck my life I’m looking forward to death. It’s really the only way out at this point.",depression
"This has been beyond the worst year I could ever imagine. During the start of 2020 I was really doing better, I was having fun, and for the first time I felt like myself in years. Unfortunately, due to covid and isolation now, everything flipped around and I’ve never been at such a low point in my entire life. I lost 3 grandparents this year, (not due to covid), struggled really hard in university and overall just feel so lonely and my drained. I feel like I can’t think straight anymore and seeing my letter grades from school just absolutely crushed me. On top of that, I didn’t even get a high school graduation, just a random 20 minute video :(

I just feel so pathetic and lonely, I’ve never really had issues with school at all before, but online uni has been the most challenging and difficult thing for me, I feel like I can’t remember anything that was ever taught and during exams I get so nervous and panic and make super dumb mistakes. 

My sleep schedule is absolutely ruined, I struggle really hard going to sleep and during the school year would end up going to sleep at around 4-5am and would wake up for 8am online classes, which really affected my performance and understanding of what should have been easy topics. 

I’m so mad at myself for that because I really could’ve done a lot better if I actually got proper sleep, and I’m just so disappointed in myself and my overall performance in school. Thankfully I didn’t fail any classes though. 

Now during the break I’m just in bed all day, then I just sit around at my pc, try to play some video games but I don’t really find anything fun anymore. 

I’m also really struggling with eating, often times I’m only eating 1 meal a day. 

Sorry if this is long I’m just so defeated and tired I just wanted to vent :(

Thank you",depression
But I can't. The world is a shithole run by greedy power hungry asshole. Nobody gives a shit about anybody because they're too wrapped up in their own bubble. Evil and corruption is rampant wherever you go. The beauty in this world isn't worth all the horrible things that's exist in it.,depression
"I'm currently in a country I know no one in, in a room in an overpriced airport hotel I cannot afford, having just been denied boarding a flight to my home country where my granddad is dying of Corona which he contracted while in hospital for treatment of another health issue.  This comes after yesterday having been refused the flight to my country of residence from where I was originally supposed to catch the flight to my home country from, which my partner, who I was here with, however was able to take and therefore left me here. I cannot get on another flight for 48 hours which results in me spending NYE alone here while my family is saying goodbye to my grandpa who is like a father to me. I honestly just want to break down, this is just all getting too much. This is truly the worst I have ever felt.",depression
"Seriously what’s the point. All I do in this life is let everyone down. I don’t want to use how I feel as an excuse for being a shitty boyfriend but it just really seems like she doesn’t care. I’m sorry I’m not good enough, I’m sorry I’m a fucking mess. I’m sorry I stopped taking my medication. Do you like me better when I’m “normal”? Will I go back to normal when I start taking it again? Whenever that will be. At this point, I’m kind of enjoying the self-sabotaging as a form of punishment. Do you not love me like this? All I want is for comfort, for someone to tell me it’ll be okay... if I can’t even get that from her, who can I expect to get it from?

I know I sound like a crazy person. I’m just really hurt...",depression
"I'm drinking (sorry in advance), have nobody, and am so lost its incomprehensible. Didnt even look at sub posts just know how bad I'm ab to get...",depression
"I always text my friends when I’m feeling extremely depressed and sometimes completely on the verge of suicide. They put in half assed effort or don’t even reply at all. Meanwhile when it’s their turn I’m bending over backwards and doing everything for them. Then after the day of when I text them, they don’t even check up on me to make sure I’m ok or anything. I could have killed myself in that time and they wouldn’t even have known cause they don’t care to check up on me. They would truly just leave me to die.",depression
I thought I got better but sometimes when I drink these thoughts come up. Is it just the alcohol? Is it normal? Or should I seek help? I feel so alone I don’t anymore,depression
"Can anyone relate to this? You have no close friends. You might have a few mutual friends that you see once a few months or talk to, but you have no close friend. You have nobody you can tell how you truly feel. That is truly being alone, when you dont have family or friends. You are just alone all the time so much that you enjoy being alone and in the void? The depression and darkness are your home and thats where you always come back to. Even after lexapro and other treatments theres nothing to save you from being sucked in by the void. I dont want to live my life like this, it isnt worth living.",depression
this quarantine shit has been so hard like anyone else feel like they’re so depressed that the world is so dark and bland like you can’t do anything about it and there is nothing good about living like i’m at rock bottom,depression
I have ptsd and have been suicidal for 6 years. living alone is not piece of cake. People always say life gets better... but it hasn’t and in some ways it’s gotten worst. I feel like my self loathing grows everyday and I think about killing myself multiple times a week. I’ve tried all kinds of meds and antidepressants and nothing has helped. I’m starting to think it doesn’t get better. I’ve tried to tell myself it does for the longest time... but I don’t know if I can believe that it does anymore...,depression
"I was listening to ""mama liked the roses"" of Elvis Presley and the song is awesome but at the same time very sad + thinking about other shit and i started crying as fuck(and i still am).          

Yesterday at night out of nowhere i did dream with my ex girlfriend(She broke up with me 1 year ago) and when i was listening to the song i started think about her its very silly i know but when i was with her i was the most happiest person ever and when she broke up with me my world started to fall apart.

After that i did have hook ups with some girls but its not the same thing they are like drugs make me happy and forget about my ex for a brief period of time and then all of a sudden i start think about my ex and im back to square 1.

The trauma that i have is so big that i cant like anyone im rather being single than being with someone Im very afraid of doing always the right thing on the relationship and despite that the person leaves me.                                                                            

It's very stupid crying because of this but i did not have the best childhood(disfuncional famíliy,abuse and bullying at school,loneliness etc.) i need like water those things like hook up with girls,chilling with my friends,going to parties/raves(fuck you covid for taking away that),having good grades etc. to fill the void that i have inside me.            

Since i did go to university i became i much better person but its not good enough i have those moments that i feel im failing to be the best version of myself if i was a even better person my ex would still be with me,finish my course in 2021 instead of 2022(and my father is paying for my studies i simply cannot fail) and sometimes i feel that Im a burden to my friends.

bottom line being in this world its a constant struggle and sucks Yoyoing in being miserable/confident about myself(bipolarism?).",depression
"So I have been suicidal a few times in my life. Only once that was pretty bad, and that was a long time ago. 

I have limited relationship experience as I've been with the same person (on and off) for about 17 years. That's a while. But any time those thoughts start sneaking in it's because he becomes abusive and it finally starts to get to me. 

I guess feeling like life isn't worth living because of the way someone treats you (he's a narcissist who has no idea he's a narcissist and who devalues me as often as he can... he figures out what might trigger me and then goes full-force any chance he gets. He has a horrible self-esteem but won't admit it, maybe even to himself, I'm not sure because he never talks about how he feels) is a red flag.

So, I'm wondering. People who have endured narcissistic abuse, and/or been in an abusive relationship, did the depression ease up once you got out of it?

My guess is mine would. I've read a bit about situational depression. These are the things my partner does.:

\- invalidate any of my thoughts or feelings that don't line up with the idea he has of himself of being a perfect guy in every way

\- basically intimidates me any time I am not acting the way that he feels I should be 

\- won't take any form of criticism 

\- criticizes me 

So, basically, devalues me often. Not all the time, but anytime that he feels threatened (which is often) then yah, it's the constant devaluation. I feel like shit. 

I do think that I am currently suffering from SAD but he's awful. 

Anyone feel depression lift once they left an abusive companion?",depression
"My parents are constantly trying to push me to find a place to move out since they want to go to a retirement home and because of my depression and anxiety finding and holding down a job is impossible for me at the moment and when ever we discuss things like this it always ends up with them yelling at me and making me feel even more like a burden. More and more I’ve been wishing they never adopted me lately,It just feels like I’m being abandon again and if I end up homeless then I’ll give them my dog and just end things... I’ve tried hospitalization and it doesn’t fucking work, I’m tired of people suggesting it, it was very abusive and I hated it so much... I plan on cutting things off with my therapist because that’s all they suggest at this point instead of helping me control and understand my emotions. I just hate living like this... I never asked to exist it feels like it’s some sick joke...",depression
"I’m quite young and still live with my parents (mom) an older sister, younger brother, and grandmother. And I think I hate them. There was a point, probably about two years ago now where my little brother was very manipulative. He physically and mentally abused everyone in my home. Before my mom separated from my dad, my dad was the same way, he beat us. Ever since my brother started acting that way, I’ve been different. I remember every time my brother beat me and I told my mom, her response was always “I don’t know what you want from me? I don’t know what to do to make him stop. YOU shouldn’t provoke him, YOU shouldn’t hit him back because then he won’t have a reason to hit you back in return.” She never gave me the chance to explain that he was the one who hit me first for no reason, and I hit back as self-defense. She always made me the problem when it was clearly him. “YOU shouldn’t do this, YOU shouldn’t do that.” All I ever wanted was for her, my sister, and my grandmother to protect me. I did everything I could to protect them but they NEVER did the same for me. He mainly beat me, and they never punished him for it. It was always ME who did something wrong. Since I’m so young I have no where else to go. I have to let them manipulate me, and walk on eggshells when I’m around my brother because I don’t have a choice. Every time something serious happens my family won’t talk about it. I had an abusive father and brother and I was raped and my family never talks about it. Every time I try to talk about my trauma they tell me “it was so long ago why are you not over it by now.” They get angry at me when I’m anything but happy because I’m “ruining their mood.” I’m dealing with all this shit by myself and I have to constantly “be happy” around my family when I’m not fucking happy, otherwise they just hurt my feelings. I used to be super social and I loved meeting new people and dancing and laughing and having fun- but because of these FUCKING PEOPLE I can no longer stand to be around ANYONE! I HATE people! I want to cry every time I’m in a room with even just one person. I don’t want to talk to people, and everything anyone does just pisses me off. These people have completely changed me into an antisocial freak who I can no longer stand. I’m so exhausted and sometimes I want to hurt myself. Sometimes I have. I don’t want to die. But I fucking hate these people and I can’t escape them because I’m too fucking young to leave. I loved so so so much who I used to be. Soooo fucking much. But because of them I’m exactly the opposite of my old self. I can’t stand being in this body anymore. I don’t wanna die I just wanna go back to who I used to be. But I can’t no matter how hard I try. I’m drowning.",depression
"I feel so pathetic sometimes looking at my own reality. I constantly daydream and try to escape reality as much as I can and for the last 5 months all I been doing is that. But it’s the only thing keeping me from ending my own life and it hurts so bad. I believe I just need a loving supportive parent or friends but even those friends I had, I lost. And my parents just don’t give two fucks about how I feel or what’s going on in my personal life. I know I got to change myself and just be there for myself if no one else is but sometimes it gets so bad I just hug my stuffed animal and start sobbing just like now. I’ve never felt more alone and pathetic, I know I’ll at least stop crying when I wake up but these feelings never seem
to leave me.",depression
"My family and I moved out of the mold filled, yellow jacket and spider infested, rural ""shanty shack"" we had been living in for over 2 years and into an actual 3br house in the same neighborhood as my mom, right where I'm from.        
         
My husband got a much better job as a cook at my friend's restaurant, we basically live next door to my youngest daughter's school and maybe a mile away from my oldest daughter's high school, and I had job interviews just pouring in.      
       
Then the lockdown happened. No more job interviews - hell, no more looking for jobs because I had to stay home with the girls while they did virtual learning - no summer road trip, my husband started working less hours because the restaurant was open less, I started doing ECT treatments which helped a lot when I was getting them 3x a week but now that I'm getting them once every week and a half, my depression and anxiety have sky rocketed.       
         
I keep telling myself that it'll get better, but I've stopped believing myself.",depression
"I can’t tell if I’m being dramatic or not. I genuinely think it would just be more pain if I kept living.
I’m 17 male? and mostly everything in life just kind of sucks right now. I don’t have any friends or a social life I haven’t had one for a lot of years. No job no drivers license and I’m landlocked in a condo association next to a fast road so it’s hard to walk anywhere so I’m stuck to wherever my mom could drive me or my alcoholic grandpa drives me which probably isn’t the best idea because well....  cuz he’s a alcoholic which makes me sad remembering what he used to be. And while I’m out public I have very bad social anxiety I get freaked out when I don’t know what I’m doing or when someone talks to me it’s even worse if it’s a crowded store which is really all that’s open right now. Most of my days consist of waking up at 3pm-7pm then staying up all night just staring at my iPad and listening to the same “dead Kennedys” albums over and over again. As for my academic life I really don’t have one I do online school and cheating in every subject cause of lack of motivation laziness depression and I would fail any other way because I have the spelling abilities sixth grader. Depression has gotten so bad lately that I went on antidepressants in October and they haven’t done much but turned me into a zombie mindlessly zoning off along with a terrible side effect that I don’t want to mention but I’m sure you can imagine it’s bad for a teenage boy. And I’m top of all that I think I have some kind of gender dysphoria? All I know is I hate Everly masculine part of me including facial hair. also my grandma and dog died this year and we had to walk away from her house which had so many memories attached it and it being the house I decorated every year for Halloween so I had a sell all my Halloween stuff because I have nowhere else to decorate. I have no future plans and I’m not going to college either. Fuck this year and Fuck my life I’m looking forward to death.",depression
I find myself getting mad and blowing up and being destructive at almost nothing now. I would rather just disappear at this point and either live on the streets where no one can find me or just take my life. This isnt worth it anymore. I don’t know how I will ever find happiness. Or if I even wanna find it at this point. Please just take me and let me be!,depression
I graduated with my bachelors degree of sociology in late October through an online program. I’m a 21 year old male and was hoping to get a job with this degree and then go back for my masters because my home life isn’t the best. If not that route I would love to be a probation officer but all the civil service tests around me have been cancelled. I wouldn’t have mind worked as a case manager and or something related to social services but nothing around me is hiring because of COVID-19. I applied to a couple jobs out of state and haven’t gotten anything back. I have been going through a rough patch because I feel very lost and anxious about the future. I’m feeling hopeless and I know others have it worse than I do but this made me fall out of my workout routine and just routine in general and I’ve lost motivation. I was always a get it done now person and had the will to push through but just getting out of bed and going to work is so hard right now. I have very bad back acne scars and gynecomastia which is an enlargement of the breast and it has stopped me from being in relationships and with the job I was going to undergo surgery for gynecomastia surgery but I can’t afford it without the job and i really feel hopeless right now and I don’t know what to do. I feel like I’m just floating and time is just passing by right now and It just doesn’t feel real. Idk if anybody else has gone through post grad depression and if anyone has any tips would be very appreciated. I hope everybody has a good 2021!!,depression
I've been feeling not okay for a couple of months I don't do anything I just sleep all day and play games sometimes I feel like I need to do something everyone around only likes doing bad things i just want to hang out with REAL people  who don't wanna do bad things but it feels like its impossible to do that it feels like I just wanna not exist anymore,depression
"I came here to post about my grief and tragic life. Maybe I will in another post. 
But I scrolled through some posts and I’m so sad for everyone who is depressed. I’m more of a lurker and I don’t have the spoons right now to read others’ posts and comment but I hope everyone knows that they would be missed if they died by suicide. 
Both my mom and dad died by suicide (part of the reason I’m sitting here crying right now) and it’s almost 30 years later for my mom and 15 for my dad and it’s still devastating. Not just to me, but so many people I know. And both my parents thought no one would miss them. 
I guarantee you’ll be missed. You are worthwhile. Please talk to someone/ crisis line  if you feel like you may kill yourself.",depression
"I’m 23 F and I’m just so sad and lonely and depressed.... 

Like I feel like I have no friends ... Although I have like 2 “friends” from work and we talk every once in a while but I don’t really feel like I’m friends with them .. and it’s sucks. 

I’m talking to this guy who I really like /possibly feel a connection with but I don’t even know how to talk to him, and he takes hours to reply which doesn’t really bother me but it does in a way cause I feel like he’s forcing himself to talk . Although tonight he said he was playing games with friends and then going to the gym . And I don’t ever double text unless we are talking and I think of something else .. 

Also I’m the heaviest I’ve ever been .. and I don’t know what to do . I feel so fucking ugly like I don’t even want to be here I don’t have friends and no guy even wants to talk to me . 

I just want to feel loved by someone and they actually mean it . I try so hard to be perfect and I’m not even close I hate everything right now ...",depression
"So my dad and stepmom and all of my other family members have caused me pain through out the years.so when my mom got engaged to my stepdad in 2017, I was in severe emotional pain because I thought my stepdad was going to completely replace my dad and I also had resentment towards him even before the engagement and that triggered my emotional distress.also another reason why I use to hate my stepdad is because when I had a bed wetting problem when I was 8 or 9 I think and that pissed me because it was a serious problem that I had and I felt ashamed I had it and the fact that he would make fun of that really downed my mood at the time.I’ve had the same issues with my stepmom but not in the same sense as my stepdad, so my stepmom will take all the power and will never do anything for her self and just use us and she acts like she has a horrible life even though there are people who have it much worse, on another note my stepmom took my my stuff away even thou I did nothing and it was also when school was out so I had nothing to do but talk to my mom on the phone and try having my dad get my stuff back but knowing after a while I knew he wasn’t going to do anything because he’s too weak to defend his own son against someone who thinks she can do whatever she wants and that’s where we’ll get to the next part of this story.my dad is very pathetic and never goes against anyone who especially when it’s his wife who is a power hungry stepmom abusing her power, my dad is very simplistic and closed minded on certain things and has been no help through my problem with any of the issues I’ve had.My dad pretty much does it everything for his wife regarding household things like making her own food and taking care of the baby even when she’s able to do those things no problem, and it hurts me that she has my dad do everything for her because my dad already has a long work day and never had time do anything for him self or me because of her asking us to do everything and I hope things will get better and that my dad will see through her",depression
"**Just a regular guy trying to get through life...**

I don't normally make posts like these. I only read others posts and give feedback accordingly, so this is kinda hard for me. Its just that every time I try to think of a future for me, I only kinda see myself in a grave. I've been fighting for so long, trying to keep my demons from getting to me. Even people don't seem to care about my emotions feelings as they do to others. Everyday in my life has always been cold. So cold that sometimes I can't even feel my body. I give everything it takes to make everyone happy but none do the same to me.

Home doesn't even feel like home to me anymore. My parents always say that I have to do as I'm told without hesitation. A small mistake in my household can amount to a month worth of persecution. I've only kept to myself because of this. Everybody's opinions and matters are always given attention and respect all the time. Mine is the total opposite. They say I don't have the right to complain because they do everything to sustain my education my health. I really don't understand how shallow my parents minds are. So they mean to say that I'm only alive because of Education and Food? That's kinda stupid. Heck, I don't even have the right to be angry in my house. Even if I'm out, people constantly judge me for who I am. What do they even know? Nothing. They only see what they want to see.

I don't know what to do at this point to be honest. Either I bleed myself to death, or just continue to be a living punching bag for the rest of my life. I'm so done with this world. I'm tired of this. If anybody reads this then thank you for doing so.",depression
"To want love so badly but to feel like you'll never be able to get it. I just want someone in my life to make me feel like I actually matter for once. But that just feels impossible.

How? How when my social anxiety causes me to be terrified of meeting new people and putting myself out there? How when my depression leaves me too demotivated to even try. How when my pessimism tells me it's not even worth trying, I'll just fail and end up more hurt than before.

Yet that doesn't make me want it any less. So cruel. Why me? Why did I have to be born like this? Curse this stupid fucking world. Curse it all.",depression
"We have been married just over a year. As the pubs were closed it was the first Christmas I enjoyed in the 5 years we have been together. We spent it together, not arguing about him passing out and not making it home / sleeping it off at a friends house etc.
Tonight he beat me. 

It was particularly bad. I don't want to spend the rest of my life this way. I am bruised. Hurt physically, scarred mentally. No financial dependency or guilt / sense of responsibility for his mental health will make me stay. I'm sure over the coming weeks and months I will have many, many periods where I will question my decision
However,  I know I don't deserve this abuse.

2020, you have outdid yourself. I have had a  miscarriage, family members pass away, some diagnosed with terminal illness etc. This year has just been a shitshow and this is the crowning glory. However, I have gotten through it and I am fucked if I will let the last few days beat me now.

Upwards and onwards.",depression
"I’ve never been depressed in my life before and this whole time during corona, until now, I managed to keep my spirits high but lately I just lost any motivation for life and I am so sick of not being able to do things that make me happy like I used to.

I live in a small town far away from all my childhood friends and family and it had been super hard to socialize considering current situation.

I finally got a job I wanted, but I have to do it from home and it doesn’t even make me happy I got it, just because I am not a type of person who spends a lot of time at home normally. Feeling so stuck all the time and exhausted from constantly having to put extra effort if I want to have some fun in my life. I’m used to going out, having lunch with friends, going for movies, events, meeting new people or just working together with other people and having human contact. That is one single thing that always kept me going and now it’s gone and it’s been a while now. I came to a point I’d rather get myself and everybody else sick just to get a little bit of socializing because I feel I just can’t keep going like this anymore, no matter how selfish that is and even tho I supported all safety measures all this time.

Now that is winter it just got worse, during summer I did lot of outdoor activities etc, but now I can’t even get my ski pass because there is no work in the ski resort and I don’t have money otherwise to get a pass.

All of you extroverted social beings, how are you doing? What do you do to make your life easier? Please tell me something that will help me pass this.",depression
"How do you guys do it?

I graduated college and got a good job in a pandemic, in the field I want to work in. I consider myself fairly smart and have skills that many people covet. I currently have no financial concerns whatsoever.

And yet I'm still depressed. Makes sense as I have no friends or love life. I'm lonely and it feels like I'm constantly putting on a mask. Even when I have seen ""friends"", it feels distant, same with family. Its exhausting pretending to be normal. I worry that my coworkers can tell I'm not normal.

At one point I had a small opiod habit and that was one of the only periods I was not depressed. Even when I wasn't high i felt so much purpose in getting the pills, it was like an adventure. I had no social anxiety or worries. I don't advocate drug use and ive since quit as it's not a safe path to go down.",depression
"So I suck at opening up to people I know, so here's me venting to a ton I don't :')  


Was held for a 5150 and then voluntarily stayed for the rest of the week.  
Spent my Xmas in the hospital and now my new years will be spent at a halfway house.  
Was living in a household with violence and abuse in general occurring regularly.  
The only bright side I'm seeing is learning to tell who I can and can't trust.  
Realizing I used to focus on fixing others instead of myself.  
Just dropped another relationship because someone started doing that to me....  
Really makes me go ""wow....thats what i was like???""  
Anyways, advice? Tips? Words of wisdom and kindness?  
Doing my best to radically accept my situation, grow, and make the right kind of friends.  
Got some phone numbers in the hospital from people whom are at the very least actually working on their issues. Realizing those are the types of friends I need. Not ones that only focus on others or look to blame others.",depression
"That's the first time that i ever ""speak out"" about me , im currently 16 , im depressive since 2 or 3 years can't really remember when did my life did go this wrong , broke up with the girl that i loved, moved out to a New town, lost all my friends and im not able to move on , every day i think about ending my life because everything seem's hard , i hate my whole family who never miss an occasion to make me remember how useless i am .
I know that i wont make it to 18 i just dont know when , i just cant",depression
"I feel like being alone is the only option sometimes. All I want is to be able to talk to people, and have friends, but it’d be unfair to force people to be around me when I’m this miserable all the time. I broke up with my boyfriend a few days ago because I wanted him to be happy and I thought he’d be better off without me, but now it feels like I have nothing in my life worth living for. I’m not motivated to do anything, and as much as I want to feel better I feel like I don’t even deserve to ask for help. All I want to do is to talk to him or my friends but that would defeat the purpose of isolating myself, which was so people wouldn’t have to deal with me anymore. I can’t stand the loneliness but I know I shouldn’t burden people with my presence. Nothing makes me happy anymore. The worst part is, my now ex boyfriend really does seem happier without me. Now that I see how well he’s doing without me I feel like I don’t deserve to get past this and have people in my life again.",depression
"I'm 20 and currently in my second year of getting a degree. I was always close with my mother. Up to the age of 14, I would cry over advertisements/shows/movies that has some kind of mother sacrifices bs in it. I wrote a book full of poems for her. Then, I got into medical school for her. I got a scholarship for her. You would think she would be content with what I am and what I strive to be. But for the past few years, she has gaslighted me, threw me under the bus and took sides. Few months ago, I had a big fight with my elder brother who always went out disregarding the pandemic shit and I thought mom and dad would get infected one day because of him. It was a huge fight, my skin peeled off of my forehead. Few days after that, my mom said I was in the wrong and that I never took any traits after her which was unfortunate in her eyes. Not to mention, 2 years ago she said she regretted not bringing me up like other daughters. She referred this to me staying in my room all night instead of attending to my family and socializing. She constantly compared me with other daughters throughout the years and it broke my self-esteem day by day for 6 years. Today, New Year's Eve, they were supposed to visit my eldest brother and I told her 4 days prior I'm not going. Today, she told my dad and brother stuff that made them hate me. She said I haven't been trying to finish my work to make it and she said I have other plans in mind (inviting my relatives over). Both of which I know she knows aren't true. My dad told me to shut the fuck up when I tried to defend my own ass. Over the years, mom never let me hold her hand, and I cant remember the last time I felt her hands. I can't recall times she ask me how I'm doing apart from the times she picked me up from school when I was 10. She used to love me, wait for me, and smile at me. But now, I'm certain if I were to tell her I want to take my own life, she would tell me to not tell my family and just do it. I'm scared of hating her because I know I will regret it sooner when she's gone, but God, do I hate her for breaking me apart. She looks at me with hatred and she couldn't care less if I starved for days. I just want to kill myself to make her see that I do love her with all my fucking heart.",depression
"I’ve struggled with depression a lot of my life. Just as I get better, I get blindsided by a breakup with the person I thought I’d spend the rest of my life with. I’m in a bad spot. I tried to chat the suicide hotline and no one is responding. I’m kind of scared to call them but wondering if I should. I have absolutely no idea how to get through this during a period of isolation, winter, and in this pandemic. I feel broken and worthless. All men always say I’m nice but no... apparently I’m not good enough for more. I’m already on medication.",depression
"I think I can safely say most of us here desperately need someone to give a shit about us. And I don’t know why it’s so difficult for people to get out of their own asses and just say “hey, I know you’re going through some shit but I’m here for you and I’m proud you’ve made it this far” and actually fucking mean it.

I’m tired of people telling me that suicide is selfish, when the entire world around us is selfish. Just because someone superficially “needs” me in their life does not make me want to kill myself any less. I’m in pain and I desperately need help that I am not strong enough to get.

Why is it so hard for others to care?",depression
I started losing weight when I started dating him. He was my first real relationship (first kiss) (21f) and he tried getting me to have sex and do all these things. The day after I let him touch my breasts for the first time (after two months of dating) and not allowing anything else (he knew I was a virgin and planning on staying like that since the beginning)  the day after he broke up over text even though the day before he said he loved me and wasn’t planning on leaving and there’s just a whole bunch of other crap I dealt with in the relationship. It’s been several months since we split and I still miss certain parts but I’m so hurt still. People tell me that I need to get over it and move on but I feel so abandoned. I lost ten pounds dating him (2 months of dating,depression
i’ve been feeling super depressed lately due to the fact that i keep forgetting my meds and my bestfriend has been ignoring me for other people. he tells me he wants me to open up and ive been trying to but it seems like he just either ignores it like it’s nothing or when i tell him i wanna ft he says he cant because hes face timing someone who hes been talking to all day. ive been cutting because of this and it bringing up shit in my past that happened with past friends. is it something wrong with me? idk,depression
"Last year, at the recommendation of my psychiatrist they recommend I go to the emergency room because I'm feeling suicidal and very low (which is a default mode for me). I go and all that's done is giving me paper clothes that I can't hang myself with, get my blood drawn, and talk to a doctor via webcam. We decide that the best course of option is to release me because keeping me longer and making me miss work would make me even more suicidal because I'd fall behind on bills. I spend a total of about 2-3 hours there.

ONE YEAR LATER...

I get hounded by a bill collector and am informed of a $700 bill which by this point I managed to whittle down to $350 and am still working on.

I get hounded by another bill collector and informed of a $2000 bill for the same afternoon. At this point I'm furious and begin breaking things in my apartment. Because I can't recall anything done that day that warrants such a bill. I will definitely never go to the hospital again. I get hit by a car, I get the staples and duct tape. Catch the virus? Nyquil it is.

I'm so pissed I can't think straight, which could ironically lead to suicide! Life is a fucking joke and I figure I'll just treat it like that and ignore it for now. And if it ever escalates, I'll give them a personal visit and end up on a chyron on CNN.",depression
Currently I’m 25 living and working in my fathers old house in my childhood bedroom and I’m starting to go crazy. I have no social life. No plans. Most of my friends are in different states/in relationships so I can’t hang out with them. I FaceTime people occasionally and randomly meet up with people but it’s so depressing. I feel so alone and like I’m wasting my 20s. I don’t know what to do but being in my house all day is driving me insane.,depression
"

Hello there I am too confused about how to confess my problems but I need your help I am going through major depression ....just because I don't know if whatever I did was a sinful act or what. I am an Indian girl in my country and what I did was never accepted so I can't even share this with anyone. I am an Indian girl in my country and what I did was never accepted so I can't even share this with anyone.

so 1 year ago... I went to my uncle's house (my father's brother) for my further education. I never wanted to stay with them as my uncles, his wife never liked me but still, I had to stay there, they have their only son who used to be my good friend since childhood.

let me share one important thing we never saw each other as siblings because we never met in the past we used to talk on Instagram si, nice 2015.he had a girlfriend already but still, he used to share some dank memes and some posts which were not appropriate to share with your sister and I was innocent I never knew he liked me as a girl.

so when I started living in his house....he started showing me some efforts that he loves me and proposed to me 5 times cuz we were friends I never knew what he wants but in the end, I thought he loves me so I accepted his proposal and started dating him(it's illegal to date your first cousin in India).but after some times I fell in love with him he asked me to have sex and as we were in the relationship we did it.
and after 8 months of relationship one day, his mom caught us .....and after that day she started making me feel guilty about it and slut-shaming and all she thinks that I am the one who attracted his son by showing my legs and body figure. look whatever I did was wrong or right I won't know but I loved him I still love him but whatever my aunt said about me is killing me every day.....I feel suicidal, slut and disgust is it a sin to love your first cousin?

should I die? I mean my aunt make me feel guilty every time I always get slut shaming.",depression
